id;key;value;created_by;created_date;last_modified_by;last_modified_date
1;Handmade Concrete Computer Specialist Car;Fantastic Cotton Salad Sweden;Unbranded capacitor;2020-07-27T13:36:21;Estate Borders Automotive;2020-07-27T17:07:00
2;Corporate Computers;Light Security;Cotton;2020-07-27T10:08:15;Factors;2020-07-27T04:58:12
3;Grenada Refined Licensed Metal Bike;Customer Strategist;auxiliary;2020-07-28T00:16:17;Money Market Account algorithm Exclusive;2020-07-27T05:35:26
4;Oval;Accountability Israel Garden;Maryland;2020-07-27T13:09:14;Principal turquoise purple;2020-07-27T06:15:18
5;web services;Ergonomic turn-key;Legacy Refined Steel Towels Principal;2020-07-27T06:11:06;Plastic Plastic;2020-07-28T00:47:55
6;IB;Outdoors Toys;Tuna;2020-07-28T00:34:43;Human COM Berkshire;2020-07-27T13:38:23
7;Village;engineer Face to face;Cambridgeshire Sierra Leone Auto Loan Account;2020-07-27T05:26:35;Balanced Delaware payment;2020-07-27T04:36:21
8;Specialist Product;scale;Kwacha withdrawal deposit;2020-07-27T06:16:36;Auto Loan Account;2020-07-27T12:20:19
9;Consultant systemic;Tools deposit Shoals;pink;2020-07-27T06:42:22;regional target Executive;2020-07-27T15:14:02
10;Automotive sky blue;Ergonomic Granite Keyboard Mississippi Lebanon;Virgin Islands, U.S. GB;2020-07-27T21:51:10;invoice;2020-07-27T21:23:37
